<?xml version="1.0" encoding="UTF-8"?>
<?xml-stylesheet type="text/xsl" href="configuration.xsl"?>

<configuration>
  <property>
    <name>fs.defaultFS</name>
    <value>hdfs://cluster0</value>
  </property>
  <property>
    <name>hadoop.tmp.dir</name>
    <value>/bigdata/hdfs/tmp/hdfs_tmp</value>
  </property>
  <property>
    <name>io.serializations</name>
    <value>org.apache.hadoop.io.serializer.WritableSerialization,org.apache.hadoop.io.serializer.avro.AvroSpecificSerialization,org.apache.hadoop.io.serializer.avro.AvroReflectSerialization</value>
  </property>
  <property>
    <name>fs.trash.interval</name>
    <value>0</value>
  </property>
  <property>
    <name>fs.trash.checkpoint.interval</name>
    <value>0</value>
  </property>
  <property>
    <name>ha.zookeeper.quorum</name>
    <value>rm-bd-zookeeper-01.bigdata.digikala.com:2181,rm-bd-zookeeper-02.bigdata.digikala.com:2181,rm-bd-zookeeper-03.bigdata.digikala.com:2181</value>
  </property>
</configuration>
